sequence,length,predicted_mic_uM,predicted_neg_log_mic,potency_category
GIMDTVKNAAKNLAGQLLDKLKCSITAC,28,0.01709968896817951,1.76701178906,💎 Excellent (High Potency)
GLFSKFAGKGIKNFLIKGVKHIGKEVGMDVIRTGIDVAGCKIKGEC,46,0.01711496401063715,1.76662400976,💎 Excellent (High Potency)
GIFDKIKGLIAKGVKNVAKEVGMDVVRTGIDVVGKCKIAGEC,42,0.01717858727350591,1.7650125543900002,💎 Excellent (High Potency)
GLLDTIKNMALNAAKSAGVSVLNSLSCKLSKTC,33,0.01732029335064753,1.7614447566900002,💎 Excellent (High Potency)
GLLDSVKEGLKKVAGQLLDKLKCKITGC,28,0.017490851084583297,1.7571890577400004,💎 Excellent (High Potency)
RSVFRLLKHVFKAGLKVLGSL,21,0.017701314015907393,1.7519944936000005,💎 Excellent (High Potency)
VTCDSLELSEAALEDKANAVGFHSACKLHNLGCSAGLCVCPRVYGTC,47,0.01776283631070042,1.7504876863200007,💎 Excellent (High Potency)
LKKLLKLLKKLLKLAG,16,0.018018035327354045,1.7442925659100004,💎 Excellent (High Potency)
AQWALIALAGRLIKYARWI,19,0.01804559389827381,1.7436288203100008,💎 Excellent (High Potency)
FLPLIAGLAAKFLPKIICKITKKC,24,0.01807421589054811,1.7429405345199998,💎 Excellent (High Potency)
KSAGRGRGWGRSAGLGR,17,0.018434364578517142,1.7343718276700004,💎 Excellent (High Potency)
VMKVRWKKDPLRLAG,15,0.01847657852474803,1.7333784479100007,💎 Excellent (High Potency)
FFGWLIKGAIHAGKAIHPLIHRRRH,25,0.018526385421568134,1.7322093051600005,💎 Excellent (High Potency)
GILDTLKQFAKGVGKDLVKGAAQGVLSTVSCKLAKTC,37,0.019319745425992615,1.7139986005300005,💎 Excellent (High Potency)
LFPVIGYLFSKIGKA,15,0.019401367547129064,1.7121676568100006,💎 Excellent (High Potency)
GILDTLKQFAKGVGKWLVKGAAQGVLSTVSCKLAKTC,37,0.019407463524130662,1.7120312214100002,💎 Excellent (High Potency)
GVLSGVLGTGKKIACGLSGLC,21,0.0194153734624528,1.7118542512100006,💎 Excellent (High Potency)
DDALKHLLKHLLKHL,15,0.019482761733104273,1.7103494807000004,💎 Excellent (High Potency)
GFHDIFKGAHKIGKHIGGCIPKDC,24,0.01953738554020548,1.7091335532800003,💎 Excellent (High Potency)
GFFDRIKALTKETLKETIQGLAKWIPNPVQ,30,0.01960536184652785,1.707625137730001,💎 Excellent (High Potency)
GFGCNGPWDEDDMKCHNHCKTIKGYKGGYCAAAFVCKL,38,0.019631972199211704,1.7070360696199998,💎 Excellent (High Potency)
GFCWYVCVYRNGVRVCYRRCN,21,0.019688884673531817,1.7057788848700006,💎 Excellent (High Potency)
ALWKTLLKKVLKAAAKAALNAVLVGANA,28,0.019697089131288148,1.7055979498600005,💎 Excellent (High Potency)
GLPFVCGRICYPGTCRPPIYRLGGTCPSGRCVCCKNH,37,0.019825709132698162,1.7027712697400004,💎 Excellent (High Potency)
FVLKVLFKKVSKLL,14,0.019854328342423327,1.7021448002200013,💎 Excellent (High Potency)
QPNPEQCRLDGSCIRIPGYCPGSYDLKLGCDYAKYCN,37,0.01987177647403908,1.7017633065999995,💎 Excellent (High Potency)
QEKLCKLQGECKPSTYCNPTPTYRGTGYCNGTKGYCCKGW,40,0.019929402912669484,1.7005057126200003,💎 Excellent (High Potency)
FLGLLFKVLSKLL,13,0.01995776973832583,1.6998879923300003,💎 Excellent (High Potency)
KWKSFIKKLTSVLKKVVTTAKPLISS,26,0.02006710126331612,1.6975153577700002,💎 Excellent (High Potency)
AKARGAQGLLTIVPQLGKLLN,21,0.020193047254209517,1.69479813842,💎 Excellent (High Potency)
GALNALKKYFTIIHKAIKKINNYW,24,0.020318100786003303,1.6921168897300003,💎 Excellent (High Potency)
LIKIVTAIMKK,11,0.020342806877831,1.6915891238100007,💎 Excellent (High Potency)
FFGPVLKIASKVVPSVYCAITKKC,24,0.02042093742281807,1.6899243255100003,💎 Excellent (High Potency)
AKHEIFQKLKRYGQRIKKFLR,21,0.02051781732451481,1.68786884114,💎 Excellent (High Potency)
KRIVQRIKDFLR,12,0.02054879252181347,1.687213692840001,💎 Excellent (High Potency)
RLLRKLFRKLKKI,13,0.02061103700039076,1.6859001570700007,💎 Excellent (High Potency)
KYRKRLFKKL,10,0.020677209060855843,1.6845080812100006,💎 Excellent (High Potency)
GLRKRLRKFRNKIKEKLKKIGQKDQGLLPKLAPRTDY,37,0.020737780746122158,1.6832377214900012,💎 Excellent (High Potency)
GLRKRLRKFRNKIKETLKKIGQKIQGLLPKLAPRTDY,37,0.020756317241919505,1.6828497001200007,💎 Excellent (High Potency)
KWKAFKKEERLGQRIDDALSTARGYRRDFLDKARRHGIRKLR,42,0.020789701069387687,1.6821517552500003,💎 Excellent (High Potency)
RYKRKLRKILNKIK,14,0.020857657223579195,1.6807344740500008,💎 Excellent (High Potency)
GGRKRWQRRMKKLGAPSITLPPET,24,0.020859842596108367,1.6806889729899999,💎 Excellent (High Potency)
RLKRFWRVVKKVY,13,0.020867626116866055,1.6805269530900007,💎 Excellent (High Potency)
RKRKILILIKRK,12,0.02101150307466095,1.6775428788800009,💎 Excellent (High Potency)
RFRPPIRRPPIRPPFYP,17,0.021018537406581037,1.677397508020001,💎 Excellent (High Potency)
TTEWFRWRQWRKWLGKLRSPETLRH,25,0.021106946167945426,1.6755745975000007,💎 Excellent (High Potency)
RRWRPRPPRLPRPRPR,16,0.0213262351991203,1.671085805430001,💎 Excellent (High Potency)
VDPPVYLPRPRPPHPRL,17,0.021399787144523303,1.6695905463900014,💎 Excellent (High Potency)
